{"last_tab":"0","site_status":"","enable_pb":"1","google_analytics_code":"","custom_css":".widget .be-shortcode{\r\n\tmargin-bottom: 0px;\r\n}","custom_js":"","disable_logo":"0","logo":{"url":"http:\/\/brandexponents.com\/oshine-lite\/v7\/wp-content\/uploads\/sites\/7\/2016\/01\/oshine-logo-brown.png","id":"2799","height":"50","width":"118","thumbnail":"http:\/\/brandexponents.com\/oshine-lite\/v7\/wp-content\/uploads\/sites\/7\/2016\/01\/oshine-logo-brown.png"},"logo_sticky":{"url":"","id":"","height":"","width":"","thumbnail":""},"logo_transparent":{"url":"","id":"","height":"","width":"","thumbnail":""},"logo_transparent_light":{"url":"","id":"","height":"","width":"","thumbnail":""},"logo_sidebar":{"url":"","id":"","height":"","width":"","thumbnail":""},"opt-logo-padding":"35","opt-header-color":{"background-color":"#e8e8e7","background-repeat":"","background-size":"","background-attachment":"","background-position":"","background-image":"","media":{"id":"","height":"","width":"","thumbnail":""}},"header_title_module":{"background-color":"#efefef","background-repeat":"","background-size":"","background-attachment":"","background-position":"","background-image":"","media":{"id":"","height":"","width":"","thumbnail":""}},"body":{"background-color":"#f5f5f5","background-repeat":"","background-size":"","background-attachment":"","background-position":"","background-image":"","media":{"id":"","height":"","width":"","thumbnail":""}},"content":{"background-color":"#f5f5f5","background-repeat":"","background-size":"","background-attachment":"","background-position":"","background-image":"","media":{"id":"","height":"","width":"","thumbnail":""}},"bottom_widgets":{"background-color":"#efefef","background-repeat":"","background-size":"","background-attachment":"","background-position":"","background-image":"","media":{"id":"","height":"","width":"","thumbnail":""}},"footer_background":{"background-color":"#e8e8e7","background-repeat":"","background-size":"","background-attachment":"","background-position":"","background-image":"","media":{"id":"","height":"","width":"","thumbnail":""}},"h1":{"font-family":"Crimson Text","font-options":"","google":"1","font-weight":"400","font-style":"","subsets":"latin","text-align":"","text-transform":"uppercase","font-size":"50px","line-height":"70px","letter-spacing":"8px","color":"#af9f66"},"h2":{"font-family":"Crimson Text","font-options":"","google":"1","font-weight":"400","font-style":"","subsets":"latin","text-align":"","text-transform":"none","font-size":"45px","line-height":"63px","letter-spacing":"","color":"#af9f66"},"h3":{"font-family":"Crimson Text","font-options":"","google":"1","font-weight":"400","font-style":"","subsets":"latin","text-align":"","text-transform":"uppercase","font-size":"30px","line-height":"48px","letter-spacing":"8px","color":"#af9f66"},"h4":{"font-family":"Poppins","font-options":"","google":"1","font-weight":"500","font-style":"","subsets":"latin","text-align":"","text-transform":"uppercase","font-size":"14px","line-height":"14px","letter-spacing":"8px","color":"#999794"},"h5":{"font-family":"Poppins","font-options":"","google":"1","font-weight":"400","font-style":"","subsets":"latin","text-align":"","text-transform":"uppercase","font-size":"14px","line-height":"36px","letter-spacing":"2px","color":"#999794"},"h6":{"font-family":"Poppins","font-options":"","google":"1","font-weight":"500","font-style":"","subsets":"latin","text-align":"","text-transform":"uppercase","font-size":"12px","line-height":"32px","letter-spacing":"2px","color":"#6f6c68"},"page_title_module_typo":{"font-family":"Poppins","font-options":"","google":"1","font-weight":"500","font-style":"","subsets":"latin","text-align":"","text-transform":"uppercase","font-size":"18px","line-height":"36px","letter-spacing":"2px","color":"#999794"},"sub_title":{"font-family":"Crimson Text","font-options":"","google":"1","font-weight":"400","font-style":"italic","subsets":"latin","text-align":"","text-transform":"none","font-size":""},"body_text":{"font-family":"Crimson Text","font-options":"","google":"1","font-weight":"400","font-style":"","subsets":"latin","text-align":"","text-transform":"none","font-size":"16px","line-height":"28px","letter-spacing":"0px","color":"#888888"},"sidebar_widget_title":{"font-family":"Poppins","font-options":"","google":"1","font-weight":"500","font-style":"","subsets":"latin","text-align":"","text-transform":"uppercase","font-size":"12px","line-height":"22px","letter-spacing":"1px","color":"#6f6c68"},"sidebar_widget_text":{"font-family":"Crimson Text","font-options":"","google":"1","font-weight":"400","font-style":"","subsets":"latin","text-align":"","text-transform":"none","font-size":"15px","line-height":"26px","letter-spacing":"0px","color":"#999794"},"navigation_text":{"font-family":"Poppins","font-options":"","google":"1","font-weight":"500","font-style":"","subsets":"latin","text-align":"","text-transform":"uppercase","font-size":"12px","line-height":"70px","letter-spacing":"1px","color":"#908377"},"submenu_text":{"font-family":"Poppins","font-options":"","google":"1","font-weight":"400","font-style":"","subsets":"latin","text-align":"","text-transform":"none","font-size":"13px","line-height":"28px","letter-spacing":"0px","color":"#67674b"},"mobile_menu_text":{"font-family":"Poppins","font-options":"","google":"1","font-weight":"500","font-style":"","subsets":"latin","text-align":"","text-transform":"uppercase","font-size":"12px","line-height":"40px","letter-spacing":"1px","color":"#af9f66"},"mobile_submenu_text":{"font-family":"Poppins","font-options":"","google":"1","font-weight":"400","font-style":"","subsets":"latin","text-align":"","text-transform":"none","font-size":"13px","line-height":"27px","letter-spacing":"0px","color":"#888888"},"sidebar_menu_text":{"font-family":"Poppins","font-options":"","google":"1","font-weight":"500","font-style":"","subsets":"latin","text-align":"","text-transform":"uppercase","font-size":"12px","line-height":"40px","letter-spacing":"1px","color":"#af9f66"},"sidebar_submenu_text":{"font-family":"Poppins","font-options":"","google":"1","font-weight":"400","font-style":"","subsets":"","text-align":"","text-transform":"none","font-size":"13px","line-height":"26px","letter-spacing":"","color":"#888888"},"slidebar_widget_title":{"font-family":"Poppins","font-options":"","google":"1","font-weight":"500","font-style":"","subsets":"latin","text-align":"","text-transform":"none","font-size":"12px","line-height":"22px","letter-spacing":"1px","color":"#af9f66"},"slidebar_widget_text":{"font-family":"Crimson Text","font-options":"","google":"1","font-weight":"400","font-style":"","subsets":"latin","text-align":"","text-transform":"none","font-size":"15px","line-height":"26px","letter-spacing":"0px","color":"#888888"},"post_title":{"font-family":"Crimson Text","font-options":"","google":"true","font-weight":"400","font-style":"","subsets":"latin","text-align":"","text-transform":"none","font-size":"30px","line-height":"40px","letter-spacing":"0px","color":"#6f6c68"},"masonry_post_title":{"font-family":"Poppins","font-options":"","google":"true","font-weight":"500","font-style":"","subsets":"latin","text-align":"","text-transform":"uppercase","font-size":"12px","line-height":"24px","letter-spacing":"1px","color":"#6f6c68"},"post_meta_options":{"font-family":"Poppins","font-options":"","google":"true","font-weight":"500","font-style":"","subsets":"latin","text-align":"","text-transform":"uppercase","font-size":"11px","line-height":"18px","letter-spacing":"1px","color":"#999794"},"post_top_meta_options":{"font-family":"Poppins","font-options":"","google":"true","font-weight":"500","font-style":"","subsets":"latin","text-align":"","text-transform":"uppercase","font-size":"11px","line-height":"24px","letter-spacing":"1px","color":"#999794"},"portfolio_caption_typo":{"font-family":"Crimson Text","font-options":"","google":"1","font-weight":"400","font-style":"italic","subsets":"latin","text-transform":"none","font-size":"15px","line-height":"15px","letter-spacing":"0px","color":""},"portfolio_title_count_typo":{"font-family":"Poppins","font-options":"","google":"1","font-weight":"500","font-style":"","subsets":"latin","text-transform":"none","font-size":"12px","letter-spacing":"1px"},"portfolio_filter_typo":{"font-family":"Poppins","font-options":"","google":"1","font-weight":"500","font-style":"","subsets":"latin","text-align":"","text-transform":"uppercase","font-size":"11px","line-height":"32px","letter-spacing":"1px","color":"#af9f66"},"portfolio_title":{"font-family":"Poppins","font-options":"","google":"1","font-weight":"500","font-style":"","subsets":"latin","text-align":"","text-transform":"uppercase","font-size":"13px","line-height":"25px","letter-spacing":"1px"},"portfolio_meta_typo":{"text-transform":"none","font-size":"15px","line-height":"22px","letter-spacing":"0px"},"shop_page_title":{"font-family":"Poppins","font-options":"","google":"1","font-weight":"500","font-style":"","subsets":"","text-align":"","text-transform":"none","font-size":"13px","line-height":"27px","letter-spacing":"1px","color":"#6f6c68"},"shop_single_page_title":{"font-family":"Crimson Text","font-options":"","google":"1","font-weight":"400","font-style":"","subsets":"latin","text-align":"","text-transform":"none","font-size":"35px","line-height":"48px","letter-spacing":"0px","color":"#999794"},"contact_form_typo":{"font-family":"Poppins","font-options":"","google":"1","font-weight":"400","font-style":"","subsets":"","text-align":"","text-transform":"none","font-size":"13px","line-height":"26px","letter-spacing":"0px","color":"#888888"},"footer_text":{"font-family":"Crimson Text","font-options":"","google":"1","font-weight":"400","font-style":"","subsets":"latin","text-align":"","text-transform":"none","font-size":"13px","line-height":"24px","letter-spacing":"0px","color":"#908377"},"bottom_widget_title":{"font-family":"Poppins","font-options":"","google":"1","font-weight":"500","font-style":"","subsets":"latin","text-align":"","text-transform":"uppercase","font-size":"12px","line-height":"22px","letter-spacing":"1px","color":"#6f6c68"},"bottom_widget_text":{"font-family":"Crimson Text","font-options":"","google":"1","font-weight":"400","font-style":"","subsets":"latin","text-align":"","text-transform":"none","font-size":"15px","line-height":"26px","letter-spacing":"0px","color":"#868686"},"pb_module_title":{"font-family":"Poppins","font-options":"","google":"1","font-weight":"500","font-style":"","subsets":"latin","letter-spacing":"1px"},"pb_tab_font_size":{"text-transform":"uppercase","font-size":"12px","line-height":"17px"},"pb_acc_font_size":{"text-transform":"uppercase","font-size":"12px","line-height":"17px"},"pb_skill_font_size":{"text-transform":"uppercase","font-size":"12px","line-height":"17px"},"pb_countdown_number_font_size":{"text-transform":"uppercase","font-size":"55px","line-height":"95px"},"pb_countdown_caption_font_size":{"text-transform":"uppercase","font-size":"14px","line-height":"30px"},"pb_module_spl_body":{"font-family":"Crimson Text","font-options":"","google":"1","font-weight":"400","font-style":"italic","subsets":"latin","text-transform":"none","letter-spacing":"0px"},"pb_blockquote_font_size":{"font-size":"26px"},"pb_module_tweet":{"font-family":"Crimson Text","font-options":"","google":"1","font-weight":"400","font-style":"","subsets":"latin","text-transform":"none","letter-spacing":"0px"},"button_font":{"font-family":"Poppins","font-options":"","google":"1","font-weight":"500","font-style":"","subsets":"latin"},"mobile_typo_controller":"1","h1_mobile":{"font-size":"30px","line-height":"40px"},"h2_mobile":{"font-size":"25px","line-height":"35px"},"h3_mobile":{"font-size":"22px","line-height":"30px"},"h4_mobile":{"font-size":"14px","line-height":"30px"},"h5_mobile":{"font-size":"16px","line-height":"30px"},"h6_mobile":{"font-size":"12px","line-height":"32px"},"opt-header-type":"top","layout":"layout-wide","border-bg-setting":{"background-color":"#FFFFFF","background-repeat":"","background-size":"","background-attachment":"","background-position":"","background-image":"","media":{"id":"","height":"","width":"","thumbnail":""}},"border-width":"30","all_ajax":"1","all_ajax_exclude_links":"","page_loader_style":"style4-loader","comments_on_page":"0","rev_slider_bg_check":"0","disable_css_animation_mobile":"0","disable_back_top_btn":"1","textbox_style":"style1","button_shape":"circular","bottom_widgets_layout":"three-col","show_bottom_widgets":"yes","instagram_access_token":"","google_map_api_key":"","opt-header-wrap":"0","opt-header-style":"http:\/\/oshine.wpengine.com\/v27\/wp-content\/themes\/oshin\/img\/headers\/style3.png","sticky_header":"0","semi-transparent-header-color":{"color":"#000000","alpha":"0.41","rgba":"rgba(0,0,0,0.41)"},"opt-header-border-color":{"border-top":"","border-right":"","border-bottom":"0px","border-left":"","border-style":"none","border-color":""},"opt-header-border-wrap":"true","top-menu-style":"none","nav_link_style":"be-nav-link-effect-1","nav_link_hover_color_controller":"0","nav_link_hover_color":"","sidebar_menu_bg_color":{"color":"#ffffff","alpha":"1","rgba":"rgba(255,255,255,1)"},"right_side_menu_border":"#2d2d2d","submenu_bg_color":{"color":"#1f1f1f","alpha":"1","rgba":"rgba(31,31,31,1)"},"sub_menu_border":"#af9f66","opt-header-pos":{"unused":{"placebo":"placebo","smenu":"Sliding Menu","cart":"Cart","phone":"Text 1","search":"Search Wdiget","email":"Text 2","menu":"Menu Links"},"left":{"placebo":"placebo"},"right":{"placebo":"placebo","socialmedia":"Code Content"}},"opt-phone-header":"","opt-email-header":"","opt-header-social-media":"[icon name= \"icon-social_facebook\" size= \"tiny\" style= \"circle\" bg_color= \"#af9f66\" hover_bg_color= \"#ffffff\" color= \"#ffffff\" hover_color= \"#af9f66\" border_width= \"0\" href= \"\" animation_type= \"fadeIn\"]\r\n[icon name= \"icon-social_pinterest\" size= \"tiny\" style= \"circle\" bg_color= \"#af9f66\" hover_bg_color= \"#ffffff\" color= \"#ffffff\" hover_color= \"#af9f66\" border_width= \"0\" href= \"\" animation_type= \"fadeIn\"]","seach_widget_style":"style1-header-search-widget","search_bg":{"color":"#ffffff","alpha":"0.85","rgba":"rgba(255,255,255,0.85)"},"search_font_color":"#000000","header_cart_count_background":"#646464","header_cart_count_color":"#f5f5f5","opt-noshow-topbar":"0","opt-topbar-color":{"color":"#323232","alpha":"0.85","rgba":"rgba(50,50,50,0.85)"},"opt-topbar-text-color":"#ffffff","opt-topbar-border-color":{"border-top":"","border-right":"","border-bottom":"1px","border-left":"","border-style":"solid","border-color":"#323232"},"opt-topbar-widgets-pos":{"unused":{"placebo":"placebo","phone":"Text 1","email":"Text 2","menu":"Menu Links","socialmedia":"Code Content","search":"Search Wdiget","cart":"Cart"},"left":{"placebo":"placebo"},"right":{"placebo":"placebo"}},"opt-phone-topbar":"","opt-email-topbar":"","opt-smedia-topbar":"","opt-bottombar-color":{"color":"#000000","alpha":"1","rgba":"rgba(0,0,0,1)"},"opt-bottombar-border-color":{"border-top":"","border-right":"","border-bottom":"","border-left":"","border-style":"solid","border-color":"#bbbbbb"},"left-header-style":"strip","left-strip-animation":"menu_push_main","left-static-overlay":{"color":"#ffffff","alpha":"0.85","rgba":"rgba(255,255,255,0.85)"},"left-strip-logo":{"url":"","id":"","height":"","width":"","thumbnail":""},"left_overlay_menu_bg_color":{"color":"#ffffff","alpha":"1","rgba":"rgba(255,255,255,1)"},"left_side_menu_border":"transparent","opt-footer-wrap":"0","footer-style":"style1","footer-border-color":{"border-top":"","border-right":"","border-bottom":"","border-left":"","border-style":"none","border-color":""},"footer-border-wrap":"true","footer_padding":"25","footer_text1":"Copyright Brand Exponents 2014. All Rights Reserved","footer_text2":"[icon name= \"icon-googleplus\" size= \"tiny\" style= \"circle\" bg_color= \"#464646\" hover_bg_color= \"#49ebc3\" color= \"#ffffff\" hover_color= \"#ffffff\" border_width= \"0\" border_color= \"#ffffff\" hover_border_color= \"#49ebc3\" alignment= \"none\" href= \"www.facebook.com\" animation_type= \"fadeIn\"][icon name= \"icon-social_facebook\" size= \"tiny\" style= \"circle\" bg_color= \"#464646\" hover_bg_color= \"#49ebc3\" color= \"#ffffff\" hover_color= \"#ffffff\" border_width= \"0\" border_color= \"#ffffff\" hover_border_color= \"#49ebc3\" alignment= \"none\" href= \"www.facebook.com\" animation_type= \"fadeIn\"][icon name= \"icon-social_linkedin\" size= \"tiny\" style= \"circle\" bg_color= \"#464646\" hover_bg_color= \"#49ebc3\" color= \"#ffffff\" hover_color= \"#ffffff\" border_width= \"0\" border_color= \"#ffffff\" hover_border_color= \"#49ebc3\" alignment= \"none\" href= \"www.facebook.com\" animation_type= \"fadeIn\"][icon name= \"icon-social_twitter\" size= \"tiny\" style= \"circle\" bg_color= \"#464646\" hover_bg_color= \"#49ebc3\" color= \"#ffffff\" hover_color= \"#ffffff\" border_width= \"0\" border_color= \"#ffffff\" hover_border_color= \"#49ebc3\" alignment= \"none\" href= \"www.facebook.com\" animation_type= \"fadeIn\"]","footer_text3":"swami@brandexponents.com","footer-content-pos-left":"none","footer-content-pos-center":"text1","footer-content-pos-right":"none","mobile_menu_bg":{"color":"#ffffff","alpha":"1","rgba":"rgba(255,255,255,1)"},"mobile_menu_border":"#efefef","mobile_bg_controller":"0","mobile_menu_icon_bg":{"color":"#ffffff","alpha":"0","rgba":"rgba(255,255,255,0)"},"mobile_menu_icon_color":"#323232","mobile_menu_width":"22","mobile_menu_thickness":"2","mobile_menu_gap":"7","color_scheme":"#af9f66","alt_bg_text_color":"#ffffff","sec_bg":"#ffffff","sec_color":"#888888","sec_border":"#ffffff","tert_bg":"#ffffff","open_to_lightbox":"0","blog_style":"style5","blog_page_show_page_title_module":"0","blog_sidebar":"right","blog_read_more_style":"style1","blog_column":"three-col","blog_grid_style":"wrapped","blog_gutter_style":"style1","blog_pagination_style":"normal","blog_gutter_width":"40","enable_pb_blog_posts":"0","blog_single_sidebar":"0","enable_breadcrumb":"0","portfolio_aspect_ratio":"1.6","portfolio_slug":"","portfolio_home_page":"#","slider_navigation_style":"style1-arrow","slider_nav_bg":{"color":"#ffffff","alpha":"1","rgba":"rgba(255,255,255,1)"},"slider_nav_hover_bg":{"color":"#af9f66","alpha":"1","rgba":"rgba(175,159,102,1)"},"slider_nav_color":"#af9f66","slider_nav_hover_color":"#ffffff","portfolio_title_nav_color":"#ffffff","portfolio_nav_color":"#a3a8a8","portfolio_nav_hover_color":"#000000","portfolio_title_bar_padding":"15","portfolio_title_bar_border":{"border-top":"","border-right":"","border-bottom":"1px","border-left":"","border-style":"solid","border-color":"#e8e8e8"},"portfolio_title_nav_style":"style1","portfolio_title_nav_bg":{"color":"#ffffff","alpha":"1","rgba":"rgba(255,255,255,1)"},"portfolio_title_nav_text_color":"#af9f66","portfolio_title_nav_hover_bg_color":{"color":"#af9f66","alpha":"1","rgba":"rgba(175,159,102,1)"},"portfolio_title_nav_text_hover_color":"#ffffff","portfolio_caption_bg":{"color":"#ffffff","alpha":"1","rgba":"rgba(255,255,255,1)"},"thumbnail_bar_color":{"color":"#ffffff","alpha":"0.5","rgba":"rgba(255,255,255,0.5)"},"portfolio_visit_site_style":"style1","portfolio_filter_style":"single_border","portfolio_filter_alignment":"left","hide_breadcrumbs":"1","portfolio_grid_style":"wrapped","portfolio_col":"two","portfolio_grid_gutter":"40","portfolio_hover":{"color":"#000000","alpha":"0.3","rgba":"rgba(0,0,0,0.3)"},"shop_products_column":"four","show_sidebar_on_shop_page":"0","number_of_products_per_page":"9","sigle_page_woo_tabs_position":"right_side","shop_page_button_bg_color":"","shop_page_button_color":"","shop_page_button_border_color":"","shop_page_button_hover_bg_color":"","shop_page_button_hover_color":"","shop_page_button_border_hover_color":"","shop_page_button_border_width":"","shop_page_alt_button_bg_color":"","shop_page_alt_button_color":"","shop_page_alt_button_border_color":"","shop_page_alt_button_hover_bg_color":"","shop_page_alt_button_hover_color":"","shop_page_alt_button_border_hover_color":"","shop_page_alt_button_border_width":"","mail_id":"","single_blog_hero_section_from":"inherit_option_panel","single_blog_hero_section":"none","single_blog_hero_section_slider_shortcode":"","single_blog_header_transparent":"none","single_blog_header_sticky":"inherit","single_blog_header_transparent_color_scheme":"dark","single_blog_hero_section_position":"after","single_blog_hero_section_custom_height":"","single_blog_hero_section_with_header":"no","single_blog_hero_section_bg_color":"","single_blog_hero_section_bg_image":{"background-repeat":"","background-size":"","background-attachment":"","background-position":"","background-image":"","media":{"id":"","height":"","width":"","thumbnail":""}},"single_blog_hero_section_bg_video":"0","single_blog_hero_section_bg_video_format":"mp4","single_blog_hero_section_bg_video_url":"","single_blog_hero_section_video_mute":"0","single_blog_hero_section_bg_animation":"none","single_blog_hero_section_overlay":"0","single_blog_hero_section_bg_overlay":{"color":"#11d6e0","alpha":"0.85","rgba":"rgba(17,214,224,0.85)"},"single_blog_hero_section_container_wrap":"yes","single_blog_hero_section_content":"","single_shop_hero_section_from":"inherit_option_panel","single_shop_hero_section":"none","single_shop_hero_section_slider_shortcode":"","single_shop_header_transparent":"none","single_shop_header_sticky":"inherit","single_shop_header_transparent_color_scheme":"dark","single_shop_hero_section_position":"after","single_shop_hero_section_custom_height":"","single_shop_hero_section_with_header":"no","single_shop_hero_section_bg_color":"","single_shop_hero_section_bg_image":{"background-repeat":"","background-size":"","background-attachment":"","background-position":"","background-image":"","media":{"id":"","height":"","width":"","thumbnail":""}},"single_shop_hero_section_bg_video":"0","single_shop_hero_section_bg_video_format":"mp4","single_shop_hero_section_bg_video_url":"","single_shop_hero_section_video_mute":"0","single_shop_hero_section_bg_parallax":"0","single_shop_hero_section_bg_mouse_move_parallax":"0","single_shop_hero_section_overlay":"0","single_shop_hero_section_bg_overlay":{"color":"#11d6e0","alpha":"0.85","rgba":"rgba(17,214,224,0.85)"},"single_shop_hero_section_container_wrap":"yes","single_shop_hero_section_content":"","custom_sidebars":"","redux-backup":"1"}